{"figure": "fig08_mean_feedback_curve_data", "bin_idx": [0, 1, 2, 3, 4, 5, 6, 7, 8, 9, 10, 11, 12, 13, 14, 15, 16, 17, 18, 19, 20, 21, 22, 23, 24, 25, 26, 27, 28, 29, 30, 31, 32, 33, 34, 35, 36, 37, 38, 39, 40, 41, 42, 43, 44, 45, 46, 47, 48, 50, 51, 53, 54, 55, 57, 58, 59, 60, 61, 62, 63, 64, 65, 66, 67, 68, 69, 70, 71, 72, 73, 74, 75, 76, 77, 78, 79, 80, 81, 82, 83, 84, 85, 86, 88, 89, 90, 91, 92, 93, 94, 95, 96, 97, 98, 99, 101, 104, 105, 111, 115, 116, 119, 120, 121, 122, 123, 124, 125, 126, 127, 128, 129, 131], "bin_start_delta_blocks": [0, 2000, 4000, 6000, 8000, 10000, 12000, 14000, 16000, 18000, 20000, 22000, 24000, 26000, 28000, 30000, 32000, 34000, 36000, 38000, 40000, 42000, 44000, 46000, 48000, 50000, 52000, 54000, 56000, 58000, 60000, 62000, 64000, 66000, 68000, 70000, 72000, 74000, 76000, 78000, 80000, 82000, 84000, 86000, 88000, 90000, 92000, 94000, 96000, 100000, 102000, 106000, 108000, 110000, 114000, 116000, 118000, 120000, 122000, 124000, 126000, 128000, 130000, 132000, 134000, 136000, 138000, 140000, 142000, 144000, 146000, 148000, 150000, 152000, 154000, 156000, 158000, 160000, 162000, 164000, 166000, 168000, 170000, 172000, 176000, 178000, 180000, 182000, 184000, 186000, 188000, 190000, 192000, 194000, 196000, 198000, 202000, 208000, 210000, 222000, 230000, 232000, 238000, 240000, 242000, 244000, 246000, 248000, 250000, 252000, 254000, 256000, 258000, 262000], "mean_feedback_per_active_agent": [7.483870967741935, 4.6, 9.357142857142858, 3.8461538461538463, 1.3333333333333333, 1.5, 1.375, 1.1538461538461537, 1.0, 1.105263157894737, 1.25, 3.0, 1.3846153846153846, 1.4444444444444444, 2.1818181818181817, 1.0, 2.8055555555555554, 1.1428571428571428, 1.25, 1.0, 1.0, 1.2222222222222223, 1.0, 1.0, 1.1538461538461537, 1.5, 1.0, 2.7142857142857144, 1.0, 1.0, 1.4285714285714286, 1.7, 1.1666666666666667, 1.1666666666666667, 1.25, 2.0384615384615383, 2.8, 1.0, 1.3170731707317074, 1.162162162162162, 1.0, 1.0566037735849056, 1.0, 1.032520325203252, 1.0053475935828877, 1.0416666666666667, 1.046875, 1.0, 2.0, 1.3333333333333333, 1.0, 1.0, 1.0, 1.0, 1.0, 1.0, 1.0, 1.1428571428571428, 1.0909090909090908, 1.2, 1.0, 1.0833333333333333, 1.0714285714285714, 1.0, 1.0, 1.2307692307692308, 1.0, 1.0384615384615385, 1.0, 1.0625, 1.1875, 1.0, 1.0833333333333333, 1.1666666666666667, 1.2, 1.3333333333333333, 1.25, 1.0, 1.0, 1.0, 1.125, 1.0, 1.0, 1.0, 1.0, 1.3333333333333333, 1.3333333333333333, 1.625, 1.1, 1.1428571428571428, 1.3529411764705883, 1.1538461538461537, 1.0769230769230769, 1.0, 2.0, 1.0, 1.0, 1.0, 1.0, 1.0, 3.0, 1.0, 1.0, 1.0, 1.3333333333333333, 1.236842105263158, 1.2, 1.4090909090909092, 1.2857142857142858, 1.1454545454545455, 1.0, 1.0, 1.0, 1.0], "active_agents_in_bin": [62, 10, 14, 13, 9, 4, 8, 13, 10, 19, 8, 6, 13, 9, 11, 9, 36, 7, 4, 5, 10, 9, 12, 2, 13, 8, 4, 7, 6, 3, 7, 10, 12, 6, 8, 26, 5, 9, 41, 37, 89, 53, 83, 123, 187, 144, 64, 2, 3, 3, 3, 6, 2, 8, 4, 1, 2, 7, 11, 5, 7, 12, 14, 9, 5, 13, 13, 26, 4, 16, 16, 20, 12, 6, 5, 3, 4, 1, 4, 4, 8, 2, 2, 4, 2, 3, 3, 8, 20, 7, 17, 13, 13, 6, 1, 2, 1, 3, 1, 1, 1, 4, 2, 8, 3, 38, 10, 22, 98, 55, 1, 2, 2, 1]}