{"source": "/home/manuel/.openclaw/workspace/workspaces/erc8004-specialist/working/analysis/empirics/empirics_source.py", "figure": "fig00b_event_intensity_data", "bin_width": 5000, "block_min": 24339925, "block_max": 24662390, "centers": [24342425, 24347425, 24352425, 24357425, 24362425, 24367425, 24372425, 24377425, 24382425, 24387425, 24392425, 24397425, 24402425, 24407425, 24412425, 24417425, 24422425, 24427425, 24432425, 24437425, 24442425, 24447425, 24452425, 24457425, 24462425, 24467425, 24472425, 24477425, 24482425, 24487425, 24492425, 24497425, 24502425, 24507425, 24512425, 24517425, 24522425, 24527425, 24532425, 24537425, 24542425, 24547425, 24552425, 24557425, 24562425, 24567425, 24572425, 24577425, 24582425, 24587425, 24592425, 24597425, 24602425, 24607425, 24612425, 24617425, 24622425, 24627425, 24632425, 24637425, 24642425, 24647425, 24652425, 24657425, 24662425], "reg_hist": [13663, 6175, 2822, 51, 49, 66, 57, 26, 51, 140, 33, 32, 147, 218, 132, 290, 14, 22, 45, 27, 115, 48, 817, 61, 149, 4, 222, 12, 2, 20, 15, 15, 700, 114, 29, 24, 19, 314, 832, 323, 8, 13, 5, 2, 263, 18, 9, 71, 73, 4, 4, 10, 2, 7, 10, 11, 11, 5, 19, 42, 32, 15, 92, 84, 206], "fb_hist": [110, 288, 64, 51, 137, 9, 18, 8, 4, 25, 43, 15, 5, 5, 0, 9, 260, 410, 493, 1, 3, 7, 1, 0, 1, 0, 41, 1, 39, 30, 29, 51, 4, 1, 0, 0, 5, 1, 50, 158, 51, 5, 7, 2, 0, 0, 4, 4, 2, 3, 316, 1, 4, 0, 2, 2, 2, 0, 2, 2, 1, 3, 1, 0, 0], "ratio": [0.008050940496230697, 0.046639676113360326, 0.022678951098511695, 1.0, 2.795918367346939, 0.13636363636363635, 0.3157894736842105, 0.3076923076923077, 0.0784313725490196, 0.17857142857142858, 1.303030303030303, 0.46875, 0.034013605442176874, 0.022935779816513763, 0.0, 0.03103448275862069, 18.571428571428573, 18.636363636363637, 10.955555555555556, 0.037037037037037035, 0.02608695652173913, 0.14583333333333334, 0.0012239902080783353, 0.0, 0.006711409395973154, 0.0, 0.18468468468468469, 0.08333333333333333, 19.5, 1.5, 1.9333333333333333, 3.4, 0.005714285714285714, 0.008771929824561403, 0.0, 0.0, 0.2631578947368421, 0.0031847133757961785, 0.06009615384615385, 0.4891640866873065, 6.375, 0.38461538461538464, 1.4, 1.0, 0.0, 0.0, 0.4444444444444444, 0.056338028169014086, 0.0273972602739726, 0.75, 79.0, 0.1, 2.0, 0.0, 0.2, 0.18181818181818182, 0.18181818181818182, 0.0, 0.10526315789473684, 0.047619047619047616, 0.03125, 0.2, 0.010869565217391304, 0.0, 0.0]}